Flow_Velocity_V,Pier_Diameter_D,Water_Depth_h,Grain_Size_d50,Froude_Number,Lacey_Scour,HEC18_Scour,Experimental_Scour
1.8108904159657686,0.6292043029215193,2.520415567649481,1.118642650215534,0.3641846106439602,5.994572609219952,1.3247323062212804,3.4274970318059
3.827500072434707,1.82838657892037,3.5073130512876274,0.2300077989817166,0.6525194151237446,16.017693175539204,3.822878330996121,8.690941729652405
3.061978796339918,1.8515878040252662,2.5930943584907213,0.9890336319400069,0.6070975987402922,8.850661427949152,3.361796121180688,5.474062314884095
2.595304694689628,2.0935747537455165,1.7983228038135004,2.956903648751492,0.6179026004264851,5.174420415685197,3.227801288920882,4.288622500042697
1.0460652415485279,2.3152283343066538,2.085722839905407,2.16498029790324,0.2312575762044231,3.282956733158956,2.3785761517375184,2.523126299243657
1.0459808211767092,2.9396301986563365,5.147008912294532,4.474091384277177,0.14720133803465635,5.311683517546745,3.1380981922204114,3.677711428857933
0.7032926425886981,1.7907508707529882,2.8570034656521326,4.1054734525183605,0.13284529783770427,2.7931950106269476,1.7705593360414047,2.245615773383622
3.531616510212273,1.3073911823531148,4.278428749432679,1.7749050233195924,0.5451259830105502,12.329343335820887,3.050259371834935,6.686584823776424
2.6039025411012306,2.487965486921759,5.530755437693712,1.3711748238133334,0.353506980703864,12.465830572385364,4.208375861725874,7.358172823420063
2.9782540222861593,1.1770806281551855,7.213553457664288,1.960492800019608,0.3540402233159363,15.333584489042167,2.8411809453778787,7.944395829938497
0.5720457300353086,1.5974285517640903,1.3538092585698904,2.9924452183225583,0.15697030588982766,1.559379026485947,1.3598799739430718,1.4762497020259018
3.89468448256698,0.6961409533556648,8.194693590181384,1.4135118400320938,0.4343815961791279,21.082267979380724,2.30570810438432,9.731720259772374
3.413549242801476,0.5633768585386438,6.6511035054181695,3.158329648460757,0.42259544857963094,14.693353064859428,1.8459069967530786,6.7928397641949845
1.2431868873739664,2.906621036694813,1.7358312875398472,2.1061170957370785,0.3012646402097729,3.2740057743710334,2.897395639604633,3.1789082927532153
1.136387385224852,2.5899503012805147,8.862207616960994,2.8050311861747033,0.1218767712252753,8.716721528490941,3.2229613826028713,5.5179956176518985
1.1419157844870185,2.239935515234245,9.287851604786319,2.237019992763052,0.11963050568361537,9.369544752429045,2.957504800554338,5.507444401737313
1.564847850358382,1.5223823610356746,1.5497016386937736,1.5428822217553968,0.40134103636727025,3.7272505046900397,2.069036229239989,3.009317488827159
2.336647510712832,0.9332358001771144,3.4918988333248335,4.747421204114568,0.3992343242248523,6.939436100999848,1.9958319161772753,3.8127608751573816
2.0118075652474054,0.8910926066777152,8.255811518137552,3.8416683913828282,0.22354864847976655,11.546261696547935,2.0397443652485916,5.613522522129618
1.5193019906931466,1.1256072454114883,7.734337213452926,0.7865545612556175,0.17442071064076334,11.941363055692266,2.0857714374209295,5.924221874247277
2.641485131528328,1.8730666617653011,2.6606891742073957,4.355493081899772,0.517031014649108,6.3731267915592635,3.1896988641519215,4.456232132661534
0.9882285122821464,2.286489806750156,2.8841439100303927,2.488412871422617,0.18578661113147313,3.8331843167893482,2.4053160144775503,3.012964252800673
1.5225062698732637,2.150493441794328,4.334248925122438,4.483305911781048,0.23348966443940536,6.081529286594321,2.940727054507602,4.16086253866384
1.782266451527921,1.1998347423648572,5.360706866719192,4.019290754141845,0.24576899786030798,7.926268785325696,2.216222198401845,4.55304914264853
2.0962449447596256,2.887163201657985,6.564292943772664,2.183546171899244,0.2612242840670873,11.190689083207218,4.321832907438647,6.8816444641175085
3.2481158648755475,2.344742291739421,4.320222756127952,0.21009961076857525,0.49893496376316115,16.748842503079192,4.307029678808279,9.500319499127633
1.1988582375542591,1.8858851312785017,5.162812445198331,1.416519060986236,0.16845742345731546,7.060947042664121,2.4946859863008806,4.308867732087291
2.2998205344476403,2.0293018655858805,7.727238443203809,2.7540076518382484,0.26414797569759974,12.767775028297622,3.6560166448630333,7.4683143729750885
2.5734509910171486,1.5490001560694748,1.330148826015381,3.2040432771481218,0.7124120890907826,4.152327511142528,2.538650872337112,3.235530329815934
0.662576444519992,1.1193274737528935,3.2719324990961867,1.3636496586226914,0.11694975616020806,3.530804367315975,1.2950107611621844,2.2578411864967682
2.6264069816550344,1.389931696628154,7.420146272960972,0.7828447629568382,0.3078373325832578,16.74432417611047,3.0102201653344207,8.589326861679671
1.0968344329055204,2.3946152761609225,9.056861539184794,4.191158160316566,0.11636374982279081,8.078314667244236,3.0253599380419165,5.113698113725442
0.7276805754484783,0.5359837215743897,5.6050969790409955,4.923570685447405,0.09813291799856003,4.344433468188301,0.898385963871611,2.3732133795784187
3.8210993803866664,0.7901816012672906,5.789021367387841,2.6758818932831607,0.5070505441663934,14.84505251920143,2.369388801643459,7.559027168186511
3.8797121157609578,0.6150066050543819,1.9645481020579845,0.9412285006566872,0.8837586220956574,8.684060463218879,1.7513270742595572,4.553898605298506
3.329390718407614,0.6018220057974253,5.026711301411092,1.434305899944908,0.4741200147248098,13.67590511778638,1.8355473056365816,6.678040994134777
1.5661481921067975,2.638651460027518,5.793555398095209,0.190114315082587,0.20774269808223808,12.734447674256925,3.53586114243189,7.20183540101882
0.8418523990223435,2.259144648450059,3.1822345327125667,4.580064152146445,0.15067297313511135,3.322492964455811,2.2573821642525806,2.8994440666512937
2.894815592792549,1.685434572718313,3.4231890785444286,0.6769803061616916,0.4995407892057182,10.928714811306282,3.205007507654045,6.193031583806049
2.0405337280886044,0.7445854016275038,4.395557467941604,2.9249307300198426,0.3107436715194456,8.012778433030435,1.6771129196881263,4.481520189961673
0.9271338219567259,1.7290396877920808,1.1806407799995373,1.4428705813673095,0.27242629926813555,2.2178532739964996,1.7298224422099786,1.9190110823279354
2.2331191853894454,1.6836794269514141,3.8987124902486046,2.815472212327388,0.3610911083613693,7.905465334415294,2.9153872754895085,4.696802233742116
0.6203598239032644,0.933004674775038,2.9030320629689017,3.291959902924135,0.11624739890011684,2.6939228022548583,1.100442651997733,1.7570503743372017
3.6826214072757373,1.5846291230949325,3.9474761696012317,4.165734838165288,0.5917834443902963,10.423166963857748,3.4811665123009754,6.155808944302453
1.4057299356000592,1.4962618359934337,2.077859186373261,1.1114642316269558,0.3113575013489662,4.45649400847205,2.0326007791359104,3.1282546032186747
2.818827995238937,2.039625245130541,9.014745526659055,0.15387956042655435,0.29974871949455245,26.208879078293396,4.087682084800103,12.838267285302063
1.5909887663129383,2.087734127169109,6.342332081986438,0.7707395873371556,0.20170103215158175,10.824886573335458,3.094785144851081,6.1198982012626155
2.320238074122338,0.6132600244301113,7.111920872300407,4.510091345055715,0.2777823114645239,11.192986806259846,1.6671989006020698,5.19408295322335
2.4134859777014785,1.4365315365661782,8.102541147466045,4.382061380056324,0.2707071044895684,12.594903531066397,3.0010770075178947,6.770761669049934
1.1469905943393446,2.064649789285591,5.485979790361515,3.027324200634511,0.15635013162331962,6.290185540605636,2.617467948749224,3.7229730864974457
3.893546197175955,1.7578406464502192,1.7822825927868133,3.042532616124902,0.9311562134377974,6.708714280265125,3.4260063591556973,4.501504104076609
3.212964881763901,2.6412246029708055,5.83395887636693,3.358679705276652,0.4247073659215809,12.799176691109873,4.823577393658788,8.127879311060866
3.788246295474662,2.146734079047363,6.281570062187912,0.9593192652549031,0.4825803115617513,18.491592767815874,4.570299480178751,10.256686819031225
3.631895726496771,0.9073360677035742,7.70895526765897,4.580618535032303,0.4176390553034435,15.881657100500787,2.6361627462949966,7.998179122245058
2.592649925838798,0.6764218685010746,4.884935916067114,2.1519755719711586,0.3745242481023081,10.614336432827532,1.771611296263094,5.163654929419487
3.726559822580909,2.106048195515789,2.148222725160074,1.9773787884225378,0.8117717627393637,7.928795113548933,3.8776512426658085,5.490952087597761
0.8097237571817182,0.5662782763540546,3.55398315218852,2.642696755885904,0.1371338584237726,3.8193622125066433,0.9166890177017074,2.0772179147600967
1.1859400184670081,1.9644389531836581,4.267740667587716,0.33013323719776977,0.18328596474721895,7.870872186202923,2.4851345803937837,4.465674919338558
0.6582955111868832,2.850575603562394,6.8132551719844106,0.9147885069047892,0.0805209820041648,6.1271825595466645,2.6178887590939373,4.247116024540101
1.6386561576714251,1.9386854446896975,6.137004742020207,3.7163647204892154,0.21119085147637048,8.309477421207731,2.973752547448661,5.23964684053864
1.860370513913187,1.4704248155163047,4.204870533080616,0.5057134728331197,0.2896600688414645,9.799739579130295,2.4934080748343543,5.382796050478282
1.4497216112086357,2.108220546105883,9.878637239136816,3.0554453363853025,0.14726569472649023,10.866906211771328,3.176896526121005,6.256933276230313
3.4005812820317525,1.6456322262287917,6.451973374211985,1.3022106374384728,0.427437255888548,16.647442210198733,3.6839508183680127,8.900604796292434
1.7486366434275624,1.8640419732898375,3.1350411256239505,2.007548508805685,0.3153141424502886,6.144427745991395,2.7225195733409433,3.785022612137481
1.4832707839058328,2.8536620219413127,1.9160422535836337,1.5145993101764295,0.3421238871164575,4.155895596034009,3.130273491755485,3.5034457260888052
2.3994362910538696,1.4652565945019356,2.375732252658988,1.842796310678251,0.49702241207273135,6.397183773337376,2.5694766872662247,3.9982618844950153
0.9932347874116693,2.9029764095597854,3.213619555460573,3.6233249354028034,0.1768968858833613,3.88278741504109,2.8565775397602944,3.1168184883883754
3.3076894326391386,2.7633766048901593,2.446132359336001,1.5558964065535579,0.6752276930572254,8.310686709492243,4.472986984959478,5.965901830839691
0.7609272528791979,0.9894778369732411,2.679103216461752,2.8753827374547964,0.1484273426595504,2.992744795946862,1.23478467304577,2.207621701233635
3.9541042781018105,0.6734032521879136,3.565856518244624,2.4326469707755884,0.6685465971264102,11.170999828319118,2.029891653349665,5.782461352527498
3.202856692538301,0.7519450034435666,2.560362357652793,3.3519887102769763,0.6390756739589477,7.378579723450597,1.904776091877216,4.0086206960391495
1.1955048853696035,0.5455545641288744,9.070888821637826,4.6904657226913145,0.12673364606503085,8.405470787054488,1.2005929712243202,4.168431514759811
0.5193274099326084,0.736107401889821,1.7221037109547799,3.6896032763302267,0.12635053644319036,1.6575538939761862,0.8144054483813165,1.3615681421071648
3.3541149995919195,2.207516933540892,5.720602506132292,1.1532078550947082,0.4477365609048485,15.53551972285017,4.3612596627191875,8.969658739208496
2.97400070346666,0.6779716211505724,4.693571442906954,0.2527973618002949,0.4382832231487121,16.183215413915676,1.871967335162569,7.605411122151838
3.0515250881434555,1.2974390757344032,9.841407552177458,1.3850938170691431,0.31056594570991874,20.312660707715306,3.1895741475894237,9.941768254983941
3.19944621340081,2.6121882774236362,2.008350119512471,3.015881860431249,0.7208096573055506,6.382698702677231,4.13942064155529,5.1414653630461045
0.7591562810693162,0.5581798393395647,4.580700391411675,0.3519864860728268,0.11324805254697806,6.063428920151486,0.9140976037550073,3.032852938126861
1.754630049904954,2.5361712064723396,9.72523389947832,2.5321946112860583,0.1796391665815732,12.601961160446278,3.8806415335761484,7.50344836732836
0.905541708337954,1.2046369369335,8.789564133045822,3.0245299596927575,0.09751923481451355,7.358197740893796,1.775349658828046,4.1037646619066415
3.5208619905645775,0.7954120690541406,8.353648638543518,1.7377950650031082,0.38893443523007293,19.28920295254881,2.4138953172873503,9.321451278689835
2.6815434438964525,2.241842913410377,3.3211254434044584,3.877469798354528,0.46979424657718005,7.608853907626679,3.7178641590365324,5.193974776738506
1.6581430869842722,2.0723571169497097,2.5379882865105925,0.6223314403554818,0.3323094519955829,6.261831251180748,2.770554558727584,4.364674345553999
0.7224542260010827,2.6936800338176323,7.017788979319879,0.468175130505463,0.0870714305044906,7.4342348303389265,2.636765753158745,4.585393324734678
1.5884381260048177,2.3376776095097145,9.364383902148273,3.6681249053976566,0.16572811625569495,10.810760022772767,3.5083109877088092,6.7405797326281816
1.6381416270936147,2.5087023259621213,6.010866037125368,2.527907449410373,0.2133282733117619,8.737007464740584,3.505828915957275,5.494922162757164
3.0536216241832244,1.205086431428266,6.144514205229099,3.4731717424959068,0.3933117694492213,12.736341977593417,2.8536411047079895,7.067116024336948
2.731451149743246,0.943598859449307,3.5198118429425573,2.230653959158357,0.46483541635440134,8.780120201869167,2.1520991580172657,4.832994193077424
3.605244599017143,2.376536879102146,7.925436398727432,1.3073699628716235,0.40887319381470405,19.83974569079459,4.932137639731919,10.79746815961482
2.1527522380668227,2.51708684816816,2.6833937370177106,4.113601356603579,0.4195824792532668,5.645631208201892,3.5437642684824957,4.3119281692621065
0.918579860784056,2.9762628550016834,3.913113127638193,4.017137806947998,0.14825905040599924,4.131147153904442,2.882957855521015,3.334181478645238
2.9963567552804826,1.5315441922785662,4.828927947547751,3.5040127071866913,0.4353450934945702,10.694630639094044,3.2019195595062864,6.262628883301677
3.162747670159141,1.430045214481958,5.568493408160095,1.4335111724268175,0.4279186214981116,14.15028631243391,3.1952206470834477,7.655672236428957
2.4644701914932368,2.441032401854992,3.181687591735722,2.992130267658527,0.4411236058304391,7.298291818652484,3.7674184896223157,5.093712820643597
3.1983851298409633,1.3520088506325445,2.033531422652832,1.8687720950061315,0.7160952782763438,6.96881514947502,2.702041109489523,4.405097536644575
2.2282845872753674,2.826893314008912,6.495580381974693,0.5487521593005074,0.27914327656182253,14.570024306110776,4.370217866920893,8.771480996388625
2.329564902836979,2.6460318796075297,3.597674979162302,4.59483651976499,0.3921293486882582,7.10313476300275,3.940025987456262,5.464400973189964
1.9963935642549238,1.5724850684375458,6.231143992803511,0.7704112915029109,0.25534523849085405,12.446658210418175,2.8312283889048144,6.742848867961264
0.5889669436043332,2.377177669478743,2.389264437467821,4.756163033721932,0.12165341564344231,2.1494361169148357,1.9251562855887485,2.020568739844413
0.8776199944765656,2.386357185211706,5.330260916693358,2.2854282874939833,0.12136620472222771,5.409693045287175,2.5531835799787377,3.7137920651098515
0.6100021499035699,0.7578096720898315,5.793304892964272,1.0071513513092363,0.080915862787854,5.1438301001050455,1.0476658841360276,2.7781592664331973
2.7274364394232316,2.7563822666989166,1.4664118314018422,2.755314642153955,0.7191047489624539,4.723628864101016,3.8358432213994136,4.037538593700294
1.6002459337671433,1.7631309311196428,4.029438503745285,4.3774345957944005,0.2545247166274267,6.012403745806831,2.6146552423624754,3.9351481631267164
2.2799974190764596,2.566143665269354,2.209732092450768,3.68790194340685,0.4896999279866715,5.248275962811945,3.5830379605593623,3.9988455503787574
3.6764826587413255,1.3001240025765295,1.5703747342549097,4.052149624521104,0.9366910454508072,5.657703796244754,2.700894953469769,3.943501958970555
1.3725228020210622,2.738808071240501,9.909642091509507,3.3280384968825154,0.13920539913710742,10.351045227730845,3.679912045765338,6.445444709506953
1.9363402306247042,1.4730041968354077,3.9011846047725065,3.4921551661374775,0.31300329844659813,6.937991492650496,2.5140122764292476,4.211125993572841
3.1444289849006704,0.5270941287007459,8.288870012691714,4.261058692670065,0.34870616265021626,15.32506759098713,1.7578763151651733,7.4208508399874615
1.3007935792206786,2.7634549410481593,3.2917658928738747,1.3233732434100114,0.2289071774650137,5.586096024182443,3.116934840629866,3.9207344646005455
0.7694296844007755,0.7282166919653339,7.133524500015364,2.4981823218513886,0.09197765967893472,5.9293708311061195,1.1602171277818205,2.848222377080067
1.514130085198188,1.2982840939760372,7.842050739007179,1.1839262649160511,0.1726290422885366,11.232377391302414,2.289442082381676,5.900283978733968
1.0642745053890155,2.8751549176270124,6.360748665470599,4.93957323918357,0.13473022571292353,6.086817250242681,3.206695015365215,4.5158086547080245
3.753941783199006,2.8765178673438903,5.244185696951425,4.725890764464405,0.5233762349903779,12.492816325876616,5.373669299837146,8.473917263971614
3.3284213284754594,1.9335947203082153,4.706568227325417,0.29319137570567894,0.4898370300708238,17.050370068161772,3.884510130763279,9.082021466292336
2.716913147786482,2.079593030424498,4.139814398886958,3.5573183453268737,0.42633483197248256,9.018781532633303,3.6681921834181566,5.97023004811891
3.5501120656570118,1.6211138049457994,9.365762298230432,4.633716755336763,0.3703701634783973,17.775934995230806,3.9080701109584925,9.449439794242313
3.3128522691469007,1.2330269292451614,8.475574670089562,0.9848191911239343,0.3633147156567413,20.558210265892498,3.1328748763833456,10.077114937195883
1.1529952061011255,1.32166136342479,9.685242195998613,2.8829316297078846,0.11828720096218676,9.29573010162555,2.119629848534389,5.1226189403938545
3.623956494714922,2.181296140192596,2.1186750113699024,4.585892658181405,0.79490695987697,6.702314513676339,3.912488148766459,5.126267126492424
2.3876978467047776,2.3809363235942,7.577807276832798,0.2663352950704143,0.27693196427729744,19.072504817016952,4.111276867921482,9.859309224012032
3.326040543074219,2.478947609314621,9.44506411138934,3.517359309509516,0.3455338347523855,17.92047079078897,5.0139089147499725,10.398014717624456
3.6363195497322263,2.4740453569863847,2.6310975954909415,1.5570101361254989,0.7157462120641604,9.29211687808952,4.378640635773366,6.551044835821945
1.6130121624015237,0.7280152576217259,1.5984664063009975,4.629541357344999,0.40733467497539594,3.2329700430582804,1.3031566732380646,1.9812476159397217
0.8851817358468687,1.7360507617564536,7.670085843610531,4.858185401310302,0.10204643294537459,6.115613115266814,2.188813271508196,3.818903739027254
1.297773068896796,0.6438969000416107,6.170258018619207,4.726905796655826,0.1668063545771677,6.8580787642362635,1.3149771036330502,3.6063222958167467
1.9948772601918972,1.8738222058093388,8.576458990824449,2.423649661621573,0.21748417848573245,12.716523388799603,3.3117317085395435,7.112749445517153
3.363051680728726,1.6038262534334424,2.2579513896366055,4.324008989847636,0.7145650054482275,6.718642913301128,3.129106235888912,4.482375133776985
3.5125570413972023,2.7192604568957495,8.15740580673901,4.238292052821845,0.3926565514786788,16.338633348860192,5.344311563354737,9.64129677236621
0.5243324568591674,1.3772875313801967,2.8146458804297008,1.6635923188919528,0.09978387307688313,2.6432795138337637,1.3130772180051296,1.8413250256878666
2.28761555902148,0.7926675410690147,2.4729034857913406,4.161685823338319,0.4644564032101643,5.5566429977992176,1.697649512316616,3.4171562593985616
1.9609385110207265,0.8574792051320896,2.4783921813789362,0.28133741010591384,0.3976898042110759,7.867715754211144,1.6725879383313758,4.2321790878724475
1.2773773366475558,2.4037765792936807,8.33117248208244,3.0217224045620603,0.14129657669518336,8.931787162277928,3.2019526807120045,5.438294323525459
0.9195287856678898,2.0455451582906528,6.986774986265801,1.2270433027097452,0.11106889398801466,7.413932833351402,2.4443168937147863,4.547918076166685
1.681653099912698,0.7528066903069757,5.707588822922074,0.6907777403086662,0.22473751224917507,10.66269311069313,1.6101012364277854,4.803856593039412
3.800183963693817,0.7102670152874936,4.229474357111522,0.4770706879831249,0.5899659122087222,15.99290879743091,2.1140238364502437,7.837892675898327
1.6312102620726434,2.2524228286478,8.894804867317974,3.5118150018028853,0.17462532554096083,10.710412884803084,3.4399830369394206,6.087197909268171
2.3157671761017813,0.6819075159104838,4.532005966803719,1.7653873224635244,0.34730829319514894,9.678635817410028,1.679425478255378,4.824743472706769
2.9605663561331226,2.5546501482258908,8.349394955244193,3.6513571804909315,0.3271242901442079,15.178938039003313,4.783008802604197,8.773430012969921
1.772703608327529,2.2656055678912406,4.952214177131966,0.4202460699148176,0.2543325323298371,10.914495342077323,3.306758001956789,6.155650716646867
3.9012372895233622,0.7033719516047494,4.392499864824169,1.644922655369991,0.594308558702909,13.579457079179821,2.135376917110993,6.887133000045303
3.8685655322973895,0.7120942852129798,5.164118071026458,2.743507332639153,0.5435223067748964,13.812648647255658,2.1921562111972177,6.7701980054238105
1.3812380353887745,2.9665989462529385,3.7124008674772786,3.974543507710922,0.2288793401013317,5.2444299862263275,3.404146783759229,4.192235647005676
2.240369770623349,1.4356769893903008,7.72848442158626,1.6618872643671427,0.25729896099154487,13.65022064419803,2.8869432575893312,7.185216125400934
1.5530740843586939,1.4266053676672272,5.5244835108323125,3.166867744541345,0.21096568899101872,7.676822278644304,2.3471490827450405,4.550574485188214
1.4969417303211365,2.5319989181437563,3.0899142563213555,4.441290966357317,0.2718924684887637,4.806326275468425,3.101368111721249,3.794874660879158
0.6291043157408648,2.8681214434596467,9.096171159471115,3.1177296220932926,0.06659764145353321,5.8755025898185815,2.6801322074926177,3.7658315267947184
2.633475168929639,2.965002659557177,4.455020992358903,1.2415014262928057,0.3983546092706817,11.054998533860127,4.603199004470144,7.333358839143209
2.259376581301015,2.3834454631473543,5.891975750025898,0.2195638296270363,0.2971827819718352,16.052283491956587,3.8833352739602454,8.676851073684585
0.6801756293749628,1.4406489638272895,9.158248998680923,4.363484482114556,0.07175965463742251,5.878691567119808,1.7731917809411495,3.18190441061365
1.47526262482814,0.7087517917466719,6.618141963225929,0.20422011316689698,0.18309091572134326,13.213496838479,1.4929853844994425,6.116972691946379
3.678930600883288,2.442867289818592,2.0520823663752767,4.386038196152577,0.8199543939074672,6.676713779694731,4.220487903411173,5.428092222519743
1.3384666173344035,1.8960106243395125,9.458489112521276,2.691791956733339,0.1389511534002325,10.22295692899176,2.848359748779803,5.925731882181609
1.0071320523192808,1.5605550231174408,6.6493724776427605,4.701431722713191,0.12469860162824328,6.093080772522662,2.1176545410336316,3.655527213468065
2.2130846609714707,2.76588596273684,4.014150531913775,4.014037855290961,0.35266852144578165,7.552570407179623,4.025758607404041,5.384094671666509
3.9497765893871026,0.7779937057653783,2.2534486539704854,4.989877141613354,0.8400675211436566,7.292823923142972,2.094673009958351,4.125688117549592
1.3471934502902514,1.7315627607271478,8.146226703432664,1.8184878957133799,0.15070137437515857,9.922089468909792,2.6390038492063477,5.863750294621852
2.852474415920575,0.5283841119185477,6.580654803356621,3.8592226157625222,0.35501990155343294,12.518179598805894,1.6366287744588264,6.046539422032386
3.1656686536505116,1.6716516049853156,5.801149827786894,2.069461476685287,0.4196371328414597,13.68697179969059,3.5574635295244548,7.673773084669571
1.3317314039733987,0.6407581892045934,9.045033247458619,2.4513905394891538,0.14137644394958013,10.044917162077606,1.3956833413943968,5.009919387772457
3.0487572201415087,0.7970447906701799,8.097374901020777,3.1747767697700136,0.34207096636919193,15.523504257741624,2.2624772838484577,7.602706447259702
1.7872409645173863,0.7938156169427621,2.365073917594761,4.38101785951306,0.3710447124937963,4.53648995271598,1.5189612632773815,2.6871164171797157
2.7130704070775282,2.123025755290159,3.805498610159934,4.922008999076546,0.4440386532546648,8.069660407284365,3.673549525185529,5.402541400662317
2.7173539876631314,2.3651121981635583,3.236402258330192,3.8645397279361395,0.4822591383457808,7.549532932963444,3.858034488132083,5.323893677152519
2.3752113942616546,1.958421912742899,7.695516633154092,2.1470572326199355,0.27336875424759166,13.560738272465322,3.6203812218979694,7.590940706648434
0.8160141951904291,2.9054313711863546,1.3017919126220145,2.164649311157644,0.22834548319501138,2.031852458348035,2.324883481329542,2.316815503682486
3.423558734562333,1.4371764488092602,6.129007163841849,3.714153277785569,0.4415177977531327,13.569563437241614,3.359895985254196,7.451554848920257
1.6227302274010755,1.214280215704652,7.862128171666215,1.2700080142646817,0.18477438377315353,11.64627725723257,2.2590835482784475,6.123857043442434
1.1528147863994898,2.671497820473651,8.890890730855745,0.6413231543438338,0.12343900096297293,11.278576565300185,3.3103659640047574,6.485542717506641
0.6427129954416737,1.0589895962986315,4.078735738443167,1.8376485724398053,0.10160610269885932,3.813132772071778,1.2701910741409606,2.2991630318607017
2.5681253011588465,2.9080563486015283,8.391315742048116,1.5074710591050007,0.28305229107728463,16.05289095928193,4.897957574485928,9.060200825724513
2.8714752664479883,0.5303861867245409,1.995685632596865,1.5519097902343517,0.6489698351297168,6.6061885714510185,1.4005664352421472,3.6202644409310683
0.5580574012474966,2.9246970667690975,8.618070625610663,1.2446779801445589,0.060693103336830374,6.0979007454171485,2.559328359131964,4.026730585030736
2.2923257040474834,0.6078997798764403,2.147397960987842,0.30625662921817326,0.49944256497241657,7.823640666921585,1.4029395609053286,4.120921519790779
1.292735213192783,2.727857784245178,4.575585615043305,0.1875822801937277,0.1929530874696169,9.595540574480458,3.222661581391066,5.337374871897769
2.7581047664330747,1.8192527727157497,8.175658292015981,4.939839709706555,0.3079745925785206,13.575862232690996,3.7102641811114103,7.969759607460354
1.11028250151747,2.982411990298251,2.349256846138964,2.1960883553057258,0.2312776900034064,3.6891949103550483,2.9234935736685004,3.2088356641198437
2.9182820833586307,0.6844914118384972,3.0632625570937733,1.9832005710824405,0.5323541621459035,8.529897107326835,1.7638025127957324,4.6364677731188015
1.853573712051881,1.8846357110033019,7.500273115537596,3.4302716851960424,0.21609106941333803,10.450420796673287,3.1629958750111533,5.921979954607178
3.7785549605785707,2.9232563390477475,7.480328828914669,1.1694440505388146,0.4410937408401014,20.066191473886615,5.71299714434762,11.546190961922603
0.9813233045109764,1.807744610425372,6.770328695967676,4.754809801356104,0.12041282124586261,6.049548426581989,2.3097862053826077,3.647678759386312
1.6937322286759047,2.073496595338156,7.2455360002039,3.9530905706362054,0.2008977109802085,9.391853091898827,3.2224863357688625,5.596667694116477
0.8971573243420617,2.239371722461543,5.884519990128366,0.5381139113300717,0.11808060838388192,7.4622758859851155,2.506384373895961,4.77584568181164
3.7364276639749696,1.636352661919433,3.266191530162575,2.146145801346149,0.6600871084783543,10.359835330293699,3.486527541714586,6.207248297031729
3.5706877368334338,2.0688952002101586,4.111263941535275,4.407679707054607,0.5622502907791583,10.393146623231695,4.107912244365627,6.654620926889013
1.4027956970030446,1.9607857798077506,2.634379451212831,4.72918690922791,0.27594387348589633,4.095258575434738,2.4997693166191937,3.268475179748725
2.8099441611196267,2.7528950262274723,9.176055052002654,2.3902674051243618,0.2961659870362398,16.754261515530363,4.972593985173732,9.759613280512275
3.3602777007042555,0.6136159508536447,6.250526152895084,3.105715807132468,0.42912357859468087,13.989368718865514,1.9219586346020365,6.771485504078964
2.443202840598118,1.2024079739805758,4.607662750872759,0.9184663358511687,0.36339979572653763,11.30872136164369,2.490275225608457,6.072397830392483
2.353777024246023,2.876028710191397,5.1580522327971945,4.956726268071185,0.3308932803373541,8.979774939959436,4.386129114031462,6.584099782188393
1.3464830181515808,2.7256594597272907,9.525550056506338,1.2351913367788727,0.13929045113446714,11.741822059481754,3.6189637489853843,6.859464253628894
0.8258596873206472,1.6391418819642825,2.380162628044722,4.719385693262116,0.17091038315337984,2.6894177013243428,1.7475656715467236,2.1544713404650166
3.6402551528366436,2.050331494503842,6.276068488151175,3.2832685800626056,0.4639310975589459,14.65972542161955,4.359948243150523,8.637457273939276
3.6514632000716567,1.1934529574528316,5.5529981099601935,3.07791029490641,0.49473047297874095,13.685191560808056,3.0207626468418125,7.452363102372008
2.7158551004564377,0.9703028993094033,6.503088118911831,2.6121737039808925,0.3400261139754584,12.827668219720291,2.3749906826128977,6.734116243289913
1.6866042686704523,1.6592460123499553,1.1629916543875645,1.2302820774170178,0.49933314213069285,3.3601318363939887,2.1738605557724218,2.7441786013254266
1.7222335111443132,1.383380570065132,8.849115180497364,0.9649873568269905,0.18484495755079952,13.725817593994446,2.5632106586418124,6.856802695873294
3.040844876045838,1.9591402796271802,9.38906454235251,1.1803824244438594,0.3168462707700265,20.169935493098784,4.136712171354208,10.795016229897202
3.6398859098340197,0.694336592412462,6.086198652302881,1.0135474845068473,0.47106431472073157,17.469446746648018,2.1478114944808793,8.104513786394932
3.6048024849279106,2.9359870191654163,7.26985741489203,3.9199639204770915,0.42685858809430843,15.596308041808573,5.592762454003439,9.639576008911348
3.2295644105016836,2.9655268611990073,9.302494430595662,1.8156137699169776,0.3380724161957486,19.421774451052485,5.551114555401138,10.986237136158772
2.747110761540007,2.245404285049363,7.3651477088205874,0.38342911516064226,0.323184806772271,19.3369575753875,4.187442582694719,10.237627827782882
0.794489877482671,1.840240915860301,2.3728513862283522,4.848602887689975,0.1646715582582823,2.603756738190606,1.8522057318689265,2.2021404959431203
1.065700499331148,1.2738190407158194,6.186595241501319,4.430550836320786,0.13679644584449663,6.089928574556433,1.8830865889362232,3.614026965501848
3.6449396598447774,2.5344875492673715,6.460435417445703,4.645986187656543,0.45785181992748086,14.117322654876707,5.0264567908705535,8.726091249608308
2.622501708808565,2.2118279313846982,4.817176041721474,4.975048330967533,0.3814916329954599,9.215167192533494,3.838259239907849,6.2310791113169035
0.5321896806582038,0.9065423483622282,7.627998120622506,0.9520867211754878,0.06152146331491903,5.695115083219272,1.1520131140905627,3.0372840469691433
0.8551504000311123,2.777317961234606,9.409303132921133,2.041585892623028,0.08900804649720462,7.913512104092264,3.008751601130387,4.934032307021541
2.8222561918781954,2.5563431073079226,9.330116616160987,3.815368530950048,0.29499754031350184,15.716777086470685,4.75844248015723,9.286389397925866
0.5177155434617654,2.87449978322981,5.057554342637189,3.5105010284635823,0.07349984469759697,3.4205049924031825,2.2802256899121693,2.9147579842472706
1.0628281799612453,2.3142987709709,2.019142412566797,0.8540899410652898,0.23880591599478002,3.7914032529439825,2.383803426672153,2.7627021849103364
2.4205682627830516,2.0335379898394748,9.863570790661012,4.097582312454027,0.24607401090564224,14.54935109420274,3.8678018252011737,8.23003154327928
2.9216331919244265,1.5456075907265472,8.550082778013408,1.1997588019996375,0.3190112702663622,18.40117631941623,3.4416817274453795,9.530655475580355
2.7818644082591018,2.8318212083850334,2.1219641308294017,1.1967063126308533,0.6097227997687508,7.036369521602834,4.138453175489163,5.252985188430633
1.2849425831119592,2.665159723751021,9.28757694355635,2.7311746721777266,0.13461641043704947,9.804597202550006,3.4835984916184017,6.218353997987786
2.9926272747163756,0.6130466752654735,8.829067258559155,3.005405680724346,0.32155903262383484,16.391738770889503,1.9146662995108028,7.682986950007404
1.3303718062388001,0.5659174362431301,5.669542514134649,2.942422418405275,0.17838754172886118,7.13171151477751,1.2082256296839284,3.5964564517420925
1.638898943557437,1.441158417195124,6.321478921704363,0.5482855032489989,0.2081173678320654,11.660308044430757,2.46236107866329,6.115579091327696
3.1127199179130844,2.526383326954582,4.591024334831173,4.399558226888864,0.46382135853849377,10.211639770708622,4.475624925286532,6.772367720592588
2.773715146665251,2.968190323287361,1.492854749398282,1.4014402086846598,0.7248006553571443,5.410711991061498,4.0639631567944825,4.438221427467008
3.472281936729623,0.8760422277588205,4.016775174813109,0.7346231142857405,0.5531484697121121,13.539879838713702,2.314463538025845,6.5886224259118435
2.801645123051202,1.9853267883803378,8.225681037382103,4.454865591357988,0.31188370680414523,14.013548779867671,3.9568337711518162,8.218695534121904
2.4890801116741508,1.4522271415775538,1.0416882070414257,4.782692341325792,0.7786378250271262,3.2275247314785918,2.3218541105635113,2.557078156681794
0.8278616873983237,2.9247859945365082,4.001492545220298,4.324425324600708,0.13213329788686387,3.8645212711062538,2.7340354370963196,3.037520918281847
1.7870053107080173,2.6052973078392716,4.58351824231849,4.0666287661519025,0.26649671338572384,7.139065308395593,3.595873214890086,4.6901415352517315
1.428208286886039,2.5958217617778447,5.836560426441306,3.3106857051312066,0.18874634562428694,7.474978290851476,3.3658238459544654,4.9136413617598445
1.3539637518267926,1.6717328994874256,9.278700547714845,2.7992011159847827,0.14191521335805254,10.104644031038537,2.630761210993426,5.4218508700003465
3.9055369416335597,1.537048755844163,4.1171139492936515,0.5262351235659097,0.6145395001055134,15.73800543409699,3.5201477291380585,8.653593085142088
1.8758420363336614,1.1835176798267657,4.122578817066049,2.101420744046424,0.2949696116977645,7.669879774622274,2.1672397150492873,4.519768302279877
3.6221629431198963,0.6409387416273178,7.637511232987736,1.9261737333603388,0.41846346660246614,18.20236807741375,2.098005553228815,8.436528011126132
2.70898519099042,2.661805940637633,5.069961468008264,1.3727935404255986,0.3841225452365084,12.07546582975191,4.420468424937697,7.820332757665028
3.2818395623957697,2.532252522825194,3.021443406459838,3.6447585570740664,0.6028032850493316,8.258610502697929,4.3337128190349326,6.050936715548871
2.2592298258681724,2.9992941832153264,5.07195564519424,2.5297911018859773,0.32028616966007034,9.665115193284691,4.4186053530839144,6.468484581637933
2.5191635961922567,2.9915920926847637,2.2677131834181985,0.4971264579474749,0.5341064291284231,7.969830583081105,4.146697363582219,5.3010397941507374
2.2238119283660236,1.8885792640065686,2.58748287855601,1.1788976895540757,0.441392357581189,6.934815514364915,2.966877905516955,4.897694334944751
1.1833504572931557,2.4224685379512763,5.4853099546553175,3.44796794193202,0.16131631501499905,6.284148011648706,2.943200621647778,4.0711437076336106
3.0285824034152684,2.86191432470607,4.770329045540931,0.4730412115024709,0.44272161156251616,14.916693377203813,4.8215306593579985,8.612785934452791
1.4827032685429953,2.624118476693529,9.2336131096129,4.270913878838966,0.1557879650514114,9.973043532216618,3.664703945861461,6.34142534520497
0.5851058825100884,1.118370254357994,4.261545092049698,2.5262179823684745,0.09049329809057086,3.497463059146174,1.271464329052951,2.5278266820411313
2.7591530356750873,1.6263603382752339,6.225295152502391,2.4548742289005756,0.3530704019691524,12.722804516576067,3.325502240877667,7.292064073933605
1.1198873779246714,0.8228985378787375,6.690378591275773,3.0027981448316363,0.13823388030357175,7.076082877317281,1.4634472137327146,3.793087847174395
3.7916050452352,2.885127568146806,1.1178501092950026,4.1409367330332305,1.144977103392093,4.587596889635427,4.38888432586509,4.557582502623018
3.838750019509056,2.0154365861272003,6.971836348150395,1.8042651187207461,0.464174989058067,17.99997311780907,4.474191787121794,10.012516653213751
3.70202536577157,1.0716070137586569,2.6023237018277627,3.422279147539412,0.7326966870208225,8.186755203810485,2.5576845525425216,4.923152101517721
1.7955554508940554,2.1792517110146417,9.649632857225097,2.8720866235793765,0.18454782155017593,12.46629472344451,3.547606289700321,7.1572603767934035
0.554098157851036,2.0453206011447396,2.3379645497780164,1.4084385238301647,0.11569996877801567,2.49147963050601,1.6957095556228303,2.0296477511688837
3.7491149690570387,1.3954067950821012,4.731617113543214,4.405286933140274,0.550287259454394,11.792171124221971,3.309728443064665,6.6933165463426585
1.9986445191106001,0.7838939804990726,1.7681470127077947,4.007387505873948,0.47989018485126916,4.0862314980749845,1.5199163714083088,2.433347733744978
3.8832918666528435,2.178932988981999,9.971868266613527,3.3264139898262854,0.39262437960700847,20.79467955058484,4.964442940453204,11.254436322975844
3.872669919812385,1.8007692522594834,5.519755092981184,4.267850472561785,0.5262790403711038,13.424019251121878,4.0445721204711775,7.54240745060215
3.4855330941357603,2.4307959793390985,6.358465155880394,4.349741584703032,0.44132502963600745,13.707797060033478,4.788351360250145,8.341378696144266
1.5305711222435499,1.8004087527799835,1.6036882964958474,3.5709785859036707,0.38588600793172045,3.2669940765091345,2.296098898806564,2.536168303814955
1.8478420501067383,2.63045375079635,7.7496442335926,4.201365308981993,0.21192854639531503,10.304570737344633,3.940578802933737,6.32063717911573
3.4789783503089993,1.879767096936214,2.889150337860272,3.51761016217949,0.6534797766034713,8.383084909943836,3.6392928035203247,5.563793768762751
1.6092270180469719,1.9023449288384657,9.082488604966423,3.4326897816254722,0.17048272597055933,10.8037102972492,3.072998040620977,6.374083286223956
1.0932246134013237,2.6916340066458626,2.8462567643380643,3.1311957532544032,0.20688921867584517,3.9114206064571535,2.7880695678399077,3.3751574741871533
2.4488044186042255,1.5087071655309927,2.716189485972999,3.7883115338324425,0.4743944119056802,6.287805024185696,2.6899812338551605,3.8935356594438986
3.7765417095627334,0.8350380711266019,1.328947010632854,0.8771650159360612,1.0459380191369956,6.6504595219433,2.003338402490184,3.7137426297858798
2.9361042883624053,0.5719566907833474,5.248602505989993,4.416266720074749,0.4091806914860764,10.731607892071215,1.6922122542784677,5.4490861875937995
2.4952140953127775,2.3878431391840476,6.083570199363548,4.372033285951637,0.32299369849150233,10.642105355027928,4.075141435494955,6.554553894277398
0.8401177281976899,2.0507738783836618,1.5913777548551713,0.24331168686933982,0.21262729006253162,3.4094084353356364,1.9287385972970659,2.4873115600129405
2.652525293447094,2.2601994202480586,7.9797485502550956,4.146502077767337,0.2997991705146655,13.4003482120823,4.1875373626574035,7.955169517281044
3.9651884753649216,1.0324104037722768,5.079599512732249,0.7314623506198815,0.5617131552688676,17.311210897119697,2.8142691443327053,8.467794177217957
0.9902940533278342,0.8409286889669244,5.7195124239482205,1.7420823858697956,0.13220569500625032,6.429855934866141,1.3782775384396322,3.4147152229321294
2.3141537832730785,0.5363616641697049,4.966864722444053,3.7431904558288784,0.3315252004782043,9.072770994871556,1.4542144338397414,4.3015332340147365
3.570805751747844,1.3764688970164924,4.606867547877934,0.8877234906367102,0.53116427664688,14.64532185679936,3.2008739402664275,7.6884479602869185
3.0926901621397156,1.9747942171365827,6.036762981773961,4.108038418183405,0.4018831954936554,12.343884432360376,3.9460589952740013,7.353156460229932
2.939555093483438,1.4806101127493307,2.3971622133764123,4.177457471992935,0.6061755132827769,6.428819763529127,2.8263625073046392,4.028396349764684
2.9586942939548826,1.5936873050593228,2.63735317445744,2.5865918954280978,0.5816764014824842,7.453407102140498,3.011715488486199,4.854463344641979
1.758219029269143,2.760396736234371,8.756070589121656,0.13129077141248455,0.1897072136823798,19.26843126980262,4.046185286820558,10.13213801017438
1.5275714549257269,1.370638667558251,9.515039159202695,1.5064868525570727,0.15811087446324143,12.347463659246337,2.4435834998245927,6.488009056755863
3.3327640441747977,1.784973722899527,4.359783846517777,3.122941900041137,0.5096095811334741,10.932419062490395,3.6518722778615413,6.597678111822781
3.3353968813771324,2.4591325318528576,3.436702058291984,4.907812272334375,0.574436560507094,8.656496982068019,4.356743621176161,6.281266030028981
3.534753115030363,1.4913569558031754,6.795995889151142,3.195886282381675,0.43291040922100354,15.22673586081208,3.538325466490141,8.232473299616103
3.6963419339476493,2.0552167505696834,4.678607539882868,1.3730375472143832,0.5456062384470693,14.080216724703714,4.224607660903482,8.102440455254788
2.289698396013282,2.655909271866863,1.2284772009431038,3.206627945188096,0.6595689852980958,3.6423867975240696,3.3910093000622332,3.5099049245018104
2.2553070314051986,2.8738015591441055,2.4053733762957132,2.7459283606076923,0.464279940780997,5.791278983696754,3.882899417696568,4.727745948452101
3.294033126383713,0.8676837023225948,7.443750059626578,3.921242436240604,0.38547619858159093,14.919002458413733,2.4438301001207527,7.4412280539868005
2.774873757722178,2.816469062903736,6.930315477191362,0.6242051302520962,0.3365365387412889,17.23482344430644,4.833098473142839,9.799877215288863
2.9568840704019617,1.7302907326988455,1.2438639325313514,3.8290367222599375,0.846473480342546,4.228507429337088,2.869800112743166,3.3079842862097215
3.285274343026354,1.1456109707473958,2.997749457396545,2.752206235512941,0.6058142320883316,8.615127827435971,2.5863571216987657,4.898430266361006
3.615018696361482,1.6478393905956532,3.0796731692926427,4.818660818909073,0.6576937720204223,8.515685816028622,3.425717069789112,5.251313777514961
1.6829830489803754,2.950081438213693,7.047034692388555,1.775173613589562,0.202414692620558,10.490943142889083,4.026321188794371,6.8746064819102966
1.814540334239804,1.731545234982174,1.1773948397892773,3.199847276356346,0.5339136923153741,3.033203389127716,2.310187835420282,2.412814571594563
0.8289367894430415,1.3218790257187705,1.9369772378611647,4.666937716999086,0.19016240110126736,2.354448481031601,1.4802047373095168,1.7259664551289644
2.523980493486609,2.0835021357918144,8.199244768358703,0.6022976671543284,0.28142622473180817,18.20686917545525,3.9020575827050017,9.516221129969722
0.6257979582885973,1.1003640469454827,2.6069019584890025,4.692419587458611,0.12374774366450164,2.377407664091193,1.2118903550367564,1.8123359352001973
2.1295930634636107,0.6896583202716597,6.874714970666872,3.470640039273986,0.2593192587083953,10.796007796739502,1.7263552836002594,5.309973837112152
2.3992562214765183,0.8221993047766231,3.1436450294205387,0.43240158961534236,0.4320414107059856,9.817240827728297,1.8329167957268946,5.213807719428516
1.5028943824489955,0.820114597394431,1.8949725348341064,1.5747214780393999,0.34857199940496625,4.134765337971887,1.397639750156891,2.3914663916463086
2.5679164119915376,0.8797567337807359,3.1885497189950867,3.57004323436188,0.45914491891191883,7.294032762093829,1.9758852063192072,4.144993352962626
0.606750874786673,0.8470679316235253,7.500402386700932,0.4300179471969814,0.07073488076441348,7.0163749734680545,1.1635871278822136,3.3794002081275867
0.6307186606222505,2.1021868620080366,8.701268212956572,2.9526352548637393,0.06826685547793124,5.7659972204247145,2.179367665178501,3.9357918564429943
3.3791019623088037,0.9547002109978621,8.471978781102925,1.7948269790694882,0.3706588407774959,18.843037417466427,2.675452436845747,8.964346666239592
1.76066724493942,1.364168208309658,4.5746517665660935,3.142486037060638,0.2628232377016237,7.369565705000569,2.345713015831225,4.401727198033017
0.9447117942815968,2.7419710247650295,7.012766229135815,0.324135965681313,0.11389906335931815,9.447172249091274,2.993200421783829,5.669855684846622
2.3278514101918155,1.6849041006571808,2.844858658742389,4.370530350146644,0.44064658072878987,6.121889894768964,2.845666388709604,4.218225655751073
3.194977435845138,2.168894346302568,3.6383295723491194,4.870095948969245,0.5347887632350838,8.748915184279653,3.972089667147843,5.855026725168911
1.2553735962389512,0.9307996780040746,9.067022366690077,4.847501490899888,0.13310860833190527,8.633814184793414,1.7350333355913876,4.475072570312184
2.680116665366501,0.9807225470216769,1.1170173115966242,3.7732939755403314,0.809634943055474,3.6953269258052384,1.8746506239603276,2.609492865495158
0.798716127478188,0.6021715406661972,1.7695767776902127,0.7374225766400967,0.19170049964114555,2.9411628779141163,0.863237765154555,1.6723575100141062
